ideal_Utility,ideal_Pollution,ideal_Inertia,ideal_Reliability,Scenario
0.581197716651335,0.13318622454457218,1.0,1.0000000000000007,0
