ideal_Utility,ideal_Pollution,ideal_Inertia,ideal_Reliability,Scenario
0.8021286551053578,0.10959785887403924,1.0,1.0000000000000007,0
