ideal_Utility,ideal_Pollution,ideal_Inertia,ideal_Reliability,Scenario
1.734760888210493,0.05713721566459258,1.0,1.0000000000000007,0
