ideal_Utility,ideal_Pollution,ideal_Inertia,ideal_Reliability,Scenario
0.8457527997119412,0.09510285503874782,1.0,1.0000000000000007,0
